,review,sentiment
2,"Die Kombination von Navigation und Radarwarnung funktioniert gut bis sehr gut. Die Signalt√∂ne sind differenziert und ausreichend laut.Toll w√§re die M√∂glichkeit eigene T√∂ne zu definieren (z.B. ""Du f√§hrst zu schnell"" mit Stimme der Ehefrau"")Schwierig ist die Bedienung w√§hrend der Fahrt, insbesondere die Start-Taste f√ºr die Navigation und die Zentrierfunktion sind viel zu klein.",4
3,"Ich habe seit 1 Jahr das Saphe Drive Pro und bin begeistert von diesem Ger√§t. Ersten ist die Genauigkeit sehr pr√§zise und die Warnungen sehr zeitig. Auch die Anzeige der zu erlaubten Geschwingkeit finde ich gro√üartig, da ich keine Verkehrszeichenerkennung im Wagen habe.Einziger Nachteil sind immer diese zwischenzeitliche Verbindungsausetzer. Trotzdem, Preis-Leistung ist hervorragend und ich w√ºrde sie jeden empfehlen, der Interessen hat.",4
4,"Alles gut, alles funktioniert wie es soll. Batterie bisher gut. Befestigung kann besser sein, mehr Klebefl√§chen/klebe Zubeh√∂r. ",5
5,"Gut ist der Display der die Geschwindigkeit und das Tempolimit anzeigt. Des Weiteren ist die Einrichtung sehr einfach gehalten. Die Verbindung mit dem Handy und dem Ger√§t funktioniert super und l√§uft tadellos. Einziger Abzug, deswegen auch einen Stern weniger, ist, dass man ein Abo abschlie√üen muss, was bei anderen nicht der Fall ist. Vielleicht bekommt man das System auch ohne zus√§tzliche Kosten f√ºr die Zukunft zum laufen. ",4
6,Das Ger√§t hat bisher immer zuverl√§ssig alle Blitzer/Gefahren angezeigt. Die erlaubte Geschwindigkeit wurde auch bis auf wenige Ausnahmen richtig angezeigt. Ich kann den Blitzerwarner  empfehlen.,5
7,Ich habe es getestet f√ºr den pkw und bin positiv begeistert es sagt alles an und warnt rechtzeitig . Vorschlag sowas speziel f√ºr lkw w√§re eine gute Sache die ich dann auch sofort testen w√ºrde ,5
8,"Das Ger√§t an sich ist recht gut, Akku h√§lt lange und mit dem Bildschirm ist es echt super da alles bildlich dargestellt ist.Einziger gro√üer Minuspunkt f√ºr mich ist das ich die T√∂ne nicht √ºber mein Auto abspielen kann.. sprich wenn ich lauter Musik h√∂re, dann h√∂re ich kein warnton vom Saphe ger√§t.",4
9,"Das Ger√§t an sich hat eine super Qualit√§t und die App macht auch einen √ºbersichtlichen soliden Eindruck . Man kann alles √ºber die App steuern ‚Ä¶ wenn man an einem Blitzer vorbei f√§hrt kann man diesen direkt am Ger√§t melden .Der Akku des Ger√§tes h√§lt super lang (habe nach der Lieferung noch kein einziges Mal laden m√ºssen . Habe das Ger√§t jetzt schon ungef√§hr eine Woche )Das einzige was mich st√∂rt , ich w√ºrde gerne wenn ein Blitzer kommt ein bisschen fr√ºher mit einem Ton gewarnt werden und nicht erst 300 Meter davor . Und irgendwie stimmt etwas mit der Kommunikation nicht was das Internet betrifft . Kann aber auch an mir liegen :)Im Gro√üen und ganzen w√ºrde ich das Ger√§t weiter empfehlen und ich bin gespannt was die Zeit noch so mit sich bringen wird . ",4
10,Super Ger√§t. Durch die Vernetzung werden s√§mtliche Gefahrenstellen erkannt und gemeldet.Einziges Manko: die Geschwindigkeitsangaben sind nicht immer aktuell. Hier k√∂nnte man mehr mit Google zb abgleichen ,4
11,Was einfach nervt an den Ger√§ten ist das selbe Problem wie beim ooono !Kommt ja auch aus D√§nemark!Die Ger√§te k√∂nnen einfach nicht die Fahrtrichtung feststellen!Es wird viel zu oft vor Ger√§ten gewarnt die nicht auf der eigenen Fahrspur sind!Waze kann das doch auch!Und das ist noch dazu kostenlos!,1
12,"Hat alles einwandfrei und z√ºgig funktioniert!Nachtrag 10.12.2024: Leider scheint der Support nicht richtig zu funktionieren, ich habe Probleme innerhalb der Bezahlung und auf Mails meinerseits wird leider nicht reagiert. Bitte nehmen Sie unter der Ihnen bekannten Mailadresse Kontakt mit mir auf.Vielen Dank.",3
13,Es lief alles einwandfrei. Auch das Ger√§t selbst macht das was es soll.bisher noch keine Probleme gehabt. ,5
14,Soweit ganz zufrieden. Will sich immer gleich selbst mit dem Handy verbinden. Auch neu aufgebaute Blitzer sind sehr schnell gemeldet bzw wurden gemeldet. Akku h√§lt sehr lange. Also alles im allem ‚Ä¶ nichts auszustehen üëçüèº,4
15,"Ich bin insgesamt sehr zufrieden mit meinem Kauf des Saphe Gefahrenwarners. Der gesamte Prozess ‚Äì vom Kauf bis zur Nutzung ‚Äì verlief reibungslos. Die Installation war kinderleicht, und die Verbindung mit der App klappte auf Anhieb. Das Ger√§t ist kompakt, unauff√§llig und passt problemlos ins Fahrzeug.Besonders beeindruckt bin ich von der schnellen und zuverl√§ssigen Warnung vor Gefahrenstellen und Blitzern. Es gibt ein gutes Gef√ºhl, sicherer und entspannter unterwegs zu sein. Die Echtzeit-Updates sind ein gro√üer Pluspunkt, da sie helfen, stets aktuelle Informationen zu erhalten.Ein kleiner Wermutstropfen war, dass ich bei zwei Blitzern erst gewarnt wurde, als ich bereits daran vorbeigefahren war ‚Äì obwohl alle Einstellungen korrekt waren. Das ist jedoch eine Kleinigkeit und mindert meine Gesamtzufriedenheit nicht wesentlich.Alles in allem bietet Saphe eine hervorragende L√∂sung f√ºr sicheres Fahren. Ich kann das Produkt jedem empfehlen, der Wert auf zus√§tzliche Sicherheit und aktuelle Warnungen im Stra√üenverkehr legt.",5
16,"Der Saphe ist gut zu bedienen √ºbersichtlich und funktioniert immer sehr gut. Was ich noch verbessern w√ºrde in der App ist das er noch fr√ºher warnt der OOONO kann das den habe ich auch, sonst ist alles gut gemacht. Zudem w√ºrde ich mir ein paar mehr Halterungen w√ºnschen auch zum ankleben an das Cockpit.",4
17,"Es ist gut, dass das Ger√§t die Geschwindigkeit anzeigt. Und das Display ist sch√∂n gro√ü.Was nicht gut ist, dass das Ger√§t keine Echtzeitdaten √ºber die erlaubte Geschwindigkeit gibt. Wenn es in Baustellen oder anderen Zonen eine ge√§nderte H√∂chstgeschwindigkeit gibt, zeigt das Ger√§t sie nicht an. Sondern die, die es davor gewesen sein muss. Man m√ºsste in der App eine M√∂glichkeit haben, die aktuell G√ºltige H√∂chstgeschwindigkeit melden zu k√∂nnen.",2
18,Das Saphe ist eine super Sache. Kennzeichnen Erkennung finde ich am besten. Das Thema Blitzer Warner sollte unbedingt noch einmal √ºberarbeitet werden. Das funktioniert nicht so wie es soll. Es werden alle Blitzer angezeigt auch wenn diese auf der anderen Stra√üenseite stehen Autobahn inbegriffen. Das machen andere Navigations Apps besser und diese sind auch kostenlos. Beispielsweise Waze. Also das w√§re ein wichtiger Punkt da dies zu Verwirrung f√ºhrt. ,4
19,"Produkt ist gut, ab und an stimmen die Tempo-limit anzeigen nicht. Sonst ist die App super funktioniert üëç einwandfrei .",4
20,"Saphe ist eine hervorragende L√∂sung f√ºr alle, die sicher und entspannt unterwegs sein m√∂chten. Die App bietet eine benutzerfreundliche Oberfl√§che und liefert Echtzeitinformationen √ºber Verkehrsbedingungen, Blitzer und andere wichtige Hinweise. Besonders beeindruckend ist die Community-Funktion, die es Nutzern erm√∂glicht, Informationen auszutauschen und sich gegenseitig zu unterst√ºtzen.Die regelm√§√üigen Updates sorgen daf√ºr, dass die Daten stets aktuell sind, was die Sicherheit auf der Stra√üe erheblich erh√∂ht. Zudem ist der Kundenservice von Saphe sehr hilfsbereit und reagiert schnell auf Anfragen. Insgesamt ist Saphe eine wertvolle Unterst√ºtzung f√ºr jeden Autofahrer, der Wert auf Sicherheit und Effizienz legt. Ich kann die App nur w√§rmstens empfehlen!",5
21,Kurze Reaktion auf mein Anliegen ohne wenn und aber.Mein Problem wurde innerhalb von 3 Tagen gel√∂st. Frederik war in seinen Antwortmails immer freundlich und hilfsbereit und dazu auch noch effektiv. Wo bekommt man heutzutage noch so einen Service.,5
